Sun 23 Sep 2018 10:15:01 PM UTC, 150
Sun 23 Sep 2018 10:17:14 PM UTC, 200
Sun 23 Sep 2018 10:18:54 PM UTC, 250
Sun 23 Sep 2018 10:20:14 PM UTC, 300
Sun 23 Sep 2018 10:21:21 PM UTC, 350
Sun 23 Sep 2018 10:22:18 PM UTC, 400
Sun 23 Sep 2018 10:23:08 PM UTC, 450
Sun 23 Sep 2018 10:23:53 PM UTC, 500
Sun 23 Sep 2018 10:24:33 PM UTC, 550
Sun 23 Sep 2018 10:25:09 PM UTC, 600
Sun 23 Sep 2018 10:25:42 PM UTC, 650
Sun 23 Sep 2018 10:26:44 PM UTC, 700
Sun 23 Sep 2018 10:27:41 PM UTC, 750
Sun 23 Sep 2018 10:28:35 PM UTC, 800
Sun 23 Sep 2018 10:29:25 PM UTC, 850
Sun 23 Sep 2018 10:30:12 PM UTC, 900
Sun 23 Sep 2018 10:30:56 PM UTC, 950
Sun 23 Sep 2018 10:31:38 PM UTC, 1000
Sun 23 Sep 2018 10:32:18 PM UTC, 1050
Sun 23 Sep 2018 10:32:56 PM UTC, 1100
Sun 23 Sep 2018 10:33:33 PM UTC, 1150
Sun 23 Sep 2018 10:34:42 PM UTC, 1200
Sun 23 Sep 2018 10:35:49 PM UTC, 1250
Sun 23 Sep 2018 10:36:53 PM UTC, 1300
Sun 23 Sep 2018 10:37:54 PM UTC, 1350
Sun 23 Sep 2018 10:38:54 PM UTC, 1400
Sun 23 Sep 2018 10:39:51 PM UTC, 1450
Sun 23 Sep 2018 10:40:46 PM UTC, 1500
Sun 23 Sep 2018 10:41:39 PM UTC, 1550
Sun 23 Sep 2018 10:42:31 PM UTC, 1600
Sun 23 Sep 2018 10:43:21 PM UTC, 1650
Sun 23 Sep 2018 10:44:28 PM UTC, 1700
Sun 23 Sep 2018 10:45:32 PM UTC, 1750
Sun 23 Sep 2018 10:46:35 PM UTC, 1800
Sun 23 Sep 2018 10:47:36 PM UTC, 1850
Sun 23 Sep 2018 10:48:36 PM UTC, 1900
Sun 23 Sep 2018 10:49:34 PM UTC, 1950
Sun 23 Sep 2018 10:50:31 PM UTC, 2000
Sun 23 Sep 2018 10:51:26 PM UTC, 2050
Sun 23 Sep 2018 10:52:20 PM UTC, 2100
Sun 23 Sep 2018 10:53:13 PM UTC, 2150
Sun 23 Sep 2018 10:54:12 PM UTC, 2200
Sun 23 Sep 2018 10:55:11 PM UTC, 2250
Sun 23 Sep 2018 10:56:04 PM UTC, 2300
Sun 23 Sep 2018 10:57:03 PM UTC, 2350
Sun 23 Sep 2018 10:58:20 PM UTC, 2400
Sun 23 Sep 2018 10:59:19 PM UTC, 2450
Sun 23 Sep 2018 11:00:10 PM UTC, 2500
Sun 23 Sep 2018 11:01:08 PM UTC, 2550
Sun 23 Sep 2018 11:02:20 PM UTC, 2600
