Tue 25 Sep 2018 08:00:07 PM UTC, 150
Tue 25 Sep 2018 08:02:20 PM UTC, 200
Tue 25 Sep 2018 08:04:00 PM UTC, 250
Tue 25 Sep 2018 08:05:20 PM UTC, 300
Tue 25 Sep 2018 08:06:27 PM UTC, 350
Tue 25 Sep 2018 08:07:24 PM UTC, 400
Tue 25 Sep 2018 08:08:14 PM UTC, 450
Tue 25 Sep 2018 08:08:58 PM UTC, 500
Tue 25 Sep 2018 08:09:38 PM UTC, 550
Tue 25 Sep 2018 08:10:15 PM UTC, 600
Tue 25 Sep 2018 08:10:48 PM UTC, 650
Tue 25 Sep 2018 08:11:50 PM UTC, 700
Tue 25 Sep 2018 08:12:47 PM UTC, 750
Tue 25 Sep 2018 08:13:40 PM UTC, 800
Tue 25 Sep 2018 08:14:30 PM UTC, 850
Tue 25 Sep 2018 08:15:17 PM UTC, 900
Tue 25 Sep 2018 08:16:02 PM UTC, 950
Tue 25 Sep 2018 08:16:44 PM UTC, 1000
Tue 25 Sep 2018 08:17:24 PM UTC, 1050
Tue 25 Sep 2018 08:18:02 PM UTC, 1100
Tue 25 Sep 2018 08:18:38 PM UTC, 1150
Tue 25 Sep 2018 08:19:48 PM UTC, 1200
Tue 25 Sep 2018 08:20:55 PM UTC, 1250
Tue 25 Sep 2018 08:21:59 PM UTC, 1300
Tue 25 Sep 2018 08:23:00 PM UTC, 1350
Tue 25 Sep 2018 08:23:59 PM UTC, 1400
Tue 25 Sep 2018 08:24:56 PM UTC, 1450
Tue 25 Sep 2018 08:25:52 PM UTC, 1500
Tue 25 Sep 2018 08:26:45 PM UTC, 1550
Tue 25 Sep 2018 08:27:37 PM UTC, 1600
Tue 25 Sep 2018 08:28:27 PM UTC, 1650
Tue 25 Sep 2018 08:29:33 PM UTC, 1700
Tue 25 Sep 2018 08:30:38 PM UTC, 1750
Tue 25 Sep 2018 08:31:41 PM UTC, 1800
Tue 25 Sep 2018 08:32:42 PM UTC, 1850
Tue 25 Sep 2018 08:33:41 PM UTC, 1900
Tue 25 Sep 2018 08:34:39 PM UTC, 1950
Tue 25 Sep 2018 08:35:40 PM UTC, 2000
Tue 25 Sep 2018 08:36:35 PM UTC, 2050
Tue 25 Sep 2018 08:37:44 PM UTC, 2100
Tue 25 Sep 2018 08:38:40 PM UTC, 2150
Tue 25 Sep 2018 08:39:37 PM UTC, 2200
Tue 25 Sep 2018 08:40:32 PM UTC, 2250
Tue 25 Sep 2018 08:41:39 PM UTC, 2300
Tue 25 Sep 2018 08:42:33 PM UTC, 2350
Tue 25 Sep 2018 08:43:46 PM UTC, 2400
Tue 25 Sep 2018 08:44:36 PM UTC, 2450
Tue 25 Sep 2018 08:45:21 PM UTC, 2500
Tue 25 Sep 2018 08:46:20 PM UTC, 2550
Tue 25 Sep 2018 08:47:26 PM UTC, 2600
